Galio|galio312
Ashe|ashe332
Singed|321singed
JunRong|junrong123
Jason|jason123
Jaguar|Jaguar12
Jayden|jayden12
Junxian|jxjxjx
Babus|babus123